DATAPREG,CODBDI,CODNEG,TPMERC,NOMRES,ESPECI,PRAZOT,MODREF,PREABE,PREMAX,PREMIN,PREMED,PREULT,PREOFC,PREOFV,TOTNEG,QUATOT,VOLTOT,PREEXE,INDOPC,DATVEN,FATCOT,PTOEXE,CODISI,DISMES
2000-07-17,14,TEFC11,10,TELEFONICA,BDR,0,R$,42.8,42.8,41.1,42.48,42.0,41.3,41.89,51,381900,16224594.0,0.0,0,9999-12-31,1,0.0,BRTEFCBDR014,100
2000-07-17,96,TEFC11F,20,TELEFONICA,BDR,0,R$,42.5,42.5,40.5,41.84,41.0,41.02,41.9,14,372,15531.24,0.0,0,9999-12-31,1,0.0,BRTEFCBDR014,100
2000-07-18,96,TEFC11F,20,TELEFONICA,BDR,0,R$,40.53,40.53,39.1,40.28,40.5,39.06,40.5,13,295,11883.82,0.0,0,9999-12-31,1,0.0,BRTEFCBDR014,100
2000-07-18,14,TEFC11,10,TELEFONICA,BDR,0,R$,41.0,41.0,39.9,40.47,40.48,39.8,40.49,24,1410800,57100306.0,0.0,0,9999-12-31,1,0.0,BRTEFCBDR014,100
2000-07-18,62,TEFC11T,30,TEFC,BDR,37,R$,41.17,41.17,41.16,41.16,41.16,0.0,0.0,2,1265012,52070645.32,0.0,0,9999-12-31,1,0.0,BRTEFCBDR014,100
2000-07-19,96,TEFC11F,20,TELEFONICA,BDR,0,R$,39.6,40.0,38.01,39.24,39.79,38.0,39.7,8,172,6750.35,0.0,0,9999-12-31,1,0.0,BRTEFCBDR014,100
2000-07-19,14,TEFC11,10,TELEFONICA,BDR,0,R$,40.4,40.99,39.01,39.95,40.0,39.2,39.9,15,161800,6464175.0,0.0,0,9999-12-31,1,0.0,BRTEFCBDR014,100
2000-07-19,62,TEFC11T,30,TEFC,BDR,60,R$,40.83,40.83,40.82,40.82,40.82,0.0,0.0,2,400,16330.74,0.0,0,9999-12-31,1,0.0,BRTEFCBDR014,100
2000-07-20,14,TEFC11,10,TELEFONICA,BDR,0,R$,40.58,41.0,40.5,40.66,40.99,40.99,41.0,49,429500,17464910.0,0.0,0,9999-12-31,1,0.0,BRTEFCBDR014,100
2000-07-20,96,TEFC11F,20,TELEFONICA,BDR,0,R$,40.35,41.0,40.24,40.65,41.0,40.46,41.0,23,774,31468.66,0.0,0,9999-12-31,1,0.0,BRTEFCBDR014,100
2000-07-21,14,TEFC11,10,TELEFONICA,BDR,0,R$,40.99,40.99,39.9,40.21,40.5,40.01,40.49,21,48900,1966635.0,0.0,0,9999-12-31,1,0.0,BRTEFCBDR014,100
2000-07-21,96,TEFC11F,20,TELEFONICA,BDR,0,R$,40.99,41.0,38.3,40.4,39.9,39.5,40.97,18,500,20204.01,0.0,0,9999-12-31,1,0.0,BRTEFCBDR014,100
2000-07-24,96,TEFC11F,20,TELEFONICA,BDR,0,R$,40.5,40.5,39.01,39.56,39.2,39.2,39.6,16,448,17725.13,0.0,0,9999-12-31,1,0.0,BRTEFCBDR014,100
2000-07-24,14,TEFC11,10,TELEFONICA,BDR,0,R$,40.1,40.1,39.1,39.78,39.1,39.1,39.5,45,93700,3727795.0,0.0,0,9999-12-31,1,0.0,BRTEFCBDR014,100
2000-07-25,62,TEFC11T,30,TEFC,BDR,30,R$,39.5,39.5,39.5,39.5,39.5,0.0,0.0,1,100,3950.0,0.0,0,9999-12-31,1,0.0,BRTEFCBDR014,100
2000-07-25,96,TEFC11F,20,TELEFONICA,BDR,0,R$,39.1,39.3,38.01,38.75,38.5,38.1,38.4,29,578,22391.32,0.0,0,9999-12-31,1,0.0,BRTEFCBDR014,100
2000-07-25,14,TEFC11,10,TELEFONICA,BDR,0,R$,39.1,39.9,38.51,38.94,38.51,38.51,38.7,64,1053300,41017355.0,0.0,0,9999-12-31,1,0.0,BRTEFCBDR014,100
2000-07-26,14,TEFC11,10,TELEFONICA,BDR,0,R$,39.8,39.8,39.0,39.42,39.01,39.01,39.25,50,1191400,46966560.0,0.0,0,9999-12-31,1,0.0,BRTEFCBDR014,100
2000-07-26,96,TEFC11F,20,TELEFONICA,BDR,0,R$,39.0,40.0,38.51,39.03,38.51,38.51,39.15,16,538,20999.12,0.0,0,9999-12-31,1,0.0,BRTEFCBDR014,100
2000-07-27,14,TEFC11,10,TELEFONICA,BDR,0,R$,39.5,39.8,38.5,39.5,39.4,39.0,39.4,39,726300,28691199.0,0.0,0,9999-12-31,1,0.0,BRTEFCBDR014,100
2000-07-27,96,TEFC11F,20,TELEFONICA,BDR,0,R$,39.05,39.8,38.51,38.86,39.0,38.2,39.0,23,634,24695.17,0.0,0,9999-12-31,1,0.0,BRTEFCBDR014,100
2000-07-28,62,TEFC11T,30,TEFC,BDR,60,R$,38.14,38.13,38.13,38.13,38.13,0.0,0.0,2,1000,38136.53,0.0,0,9999-12-31,1,0.0,BRTEFCBDR014,100
2000-07-28,96,TEFC11F,20,TELEFONICA,BDR,0,R$,38.03,38.03,37.0,37.12,37.01,36.01,37.01,17,398,14776.71,0.0,0,9999-12-31,1,0.0,BRTEFCBDR014,100
2000-07-28,14,TEFC11,10,TELEFONICA,BDR,0,R$,38.3,38.3,37.01,38.05,37.57,37.57,37.65,47,512200,19493146.0,0.0,0,9999-12-31,1,0.0,BRTEFCBDR014,100
2000-07-31,14,TEFC11,10,TELEFONICA,BDR,0,R$,37.5,37.5,36.7,37.03,37.0,37.0,38.19,24,107000,3962740.0,0.0,0,9999-12-31,1,0.0,BRTEFCBDR014,100
2000-07-31,96,TEFC11F,20,TELEFONICA,BDR,0,R$,37.5,37.5,36.01,36.56,36.01,36.01,36.99,9,206,7532.92,0.0,0,9999-12-31,1,0.0,BRTEFCBDR014,100
2000-08-01,14,TEFC11,10,TELEFONICA,BDR,0,R$,37.0,37.44,37.0,37.35,37.2,30.01,37.15,63,1897600,70887304.0,0.0,0,9999-12-31,1,0.0,BRTEFCBDR014,100
2000-08-01,96,TEFC11F,20,TELEFONICA,BDR,0,R$,36.9,37.0,36.0,36.68,36.0,35.51,37.0,12,281,10308.9,0.0,0,9999-12-31,1,0.0,BRTEFCBDR014,100
2000-08-02,14,TEFC11,10,TELEFONICA,BDR,0,R$,37.01,37.2,36.79,36.87,36.89,36.0,36.89,64,1321500,48731828.0,0.0,0,9999-12-31,1,0.0,BRTEFCBDR014,100
2000-08-02,96,TEFC11F,20,TELEFONICA,BDR,0,R$,37.0,37.2,36.4,36.75,36.4,36.4,37.1,18,439,16136.34,0.0,0,9999-12-31,1,0.0,BRTEFCBDR014,100
2000-08-03,96,TEFC11F,20,TELEFONICA,BDR,0,R$,35.75,36.0,35.31,35.73,36.0,35.31,36.7,14,365,13042.29,0.0,0,9999-12-31,1,0.0,BRTEFCBDR014,100
2000-08-03,14,TEFC11,10,TELEFONICA,BDR,0,R$,35.7,36.1,35.7,35.78,36.1,36.1,36.9,43,171200,6126202.0,0.0,0,9999-12-31,1,0.0,BRTEFCBDR014,100
2000-08-04,96,TEFC11F,20,TELEFONICA,BDR,0,R$,36.51,37.0,35.57,36.16,35.9,36.0,36.3,24,488,17645.45,0.0,0,9999-12-31,1,0.0,BRTEFCBDR014,100
2000-08-04,14,TEFC11,10,TELEFONICA,BDR,0,R$,37.85,37.85,36.1,36.4,36.3,36.22,36.35,58,902800,32864542.0,0.0,0,9999-12-31,1,0.0,BRTEFCBDR014,100
2000-08-07,96,TEFC11F,20,TELEFONICA,BDR,0,R$,35.94,36.75,35.94,36.52,36.75,36.15,36.75,32,714,26078.83,0.0,0,9999-12-31,1,0.0,BRTEFCBDR014,100
2000-08-07,14,TEFC11,10,TELEFONICA,BDR,0,R$,36.8,36.8,36.6,36.75,36.75,0.0,36.9,67,569800,20943836.0,0.0,0,9999-12-31,1,0.0,BRTEFCBDR014,100
2000-08-08,96,TEFC11F,20,TELEFONICA,BDR,0,R$,37.3,37.6,36.81,37.22,37.0,36.85,37.0,23,558,20773.6,0.0,0,9999-12-31,1,0.0,BRTEFCBDR014,100
2000-08-08,14,TEFC11,10,TELEFONICA,BDR,0,R$,37.3,37.8,37.0,37.6,37.45,37.01,37.6,72,2211400,83159597.0,0.0,0,9999-12-31,1,0.0,BRTEFCBDR014,100
2000-08-09,14,TEFC11,10,TELEFONICA,BDR,0,R$,39.0,39.0,38.0,38.55,38.4,38.21,38.4,55,1144600,44133045.0,0.0,0,9999-12-31,1,0.0,BRTEFCBDR014,100
2000-08-09,96,TEFC11F,20,TELEFONICA,BDR,0,R$,37.55,40.0,37.01,38.01,37.71,37.51,38.0,31,756,28736.75,0.0,0,9999-12-31,1,0.0,BRTEFCBDR014,100
2000-08-09,62,TEFC11T,30,TEFC,BDR,60,R$,39.31,39.31,39.31,39.31,39.31,0.0,0.0,2,300,11793.0,0.0,0,9999-12-31,1,0.0,BRTEFCBDR014,100
2000-08-10,96,TEFC11F,20,TELEFONICA,BDR,0,R$,40.0,40.3,39.11,39.88,39.99,39.2,40.0,33,732,29193.35,0.0,0,9999-12-31,1,0.0,BRTEFCBDR014,100
2000-08-10,14,TEFC11,10,TELEFONICA,BDR,0,R$,39.0,40.5,39.0,40.08,40.1,38.0,40.0,101,1086300,43548934.0,0.0,0,9999-12-31,1,0.0,BRTEFCBDR014,100
2000-08-10,62,TEFC11T,30,TEFC,BDR,60,R$,40.97,40.97,40.97,40.97,40.97,0.0,0.0,1,100,4097.0,0.0,0,9999-12-31,1,0.0,BRTEFCBDR014,100
2000-08-11,96,TEFC11F,20,TELEFONICA,BDR,0,R$,39.22,40.0,39.0,39.35,39.5,38.6,40.0,20,747,29402.89,0.0,0,9999-12-31,1,0.0,BRTEFCBDR014,100
2000-08-11,14,TEFC11,10,TELEFONICA,BDR,0,R$,39.72,40.0,39.25,39.72,40.0,40.0,40.1,62,895800,35584715.0,0.0,0,9999-12-31,1,0.0,BRTEFCBDR014,100
2000-08-14,96,TEFC11F,20,TELEFONICA,BDR,0,R$,40.3,40.68,39.51,40.15,40.21,40.21,40.44,44,1191,47827.21,0.0,0,9999-12-31,1,0.0,BRTEFCBDR014,100
2000-08-14,14,TEFC11,10,TELEFONICA,BDR,0,R$,40.4,40.8,40.1,40.45,40.8,0.0,40.8,80,505800,20461776.0,0.0,0,9999-12-31,1,0.0,BRTEFCBDR014,100
2000-08-15,14,TEFC11,10,TELEFONICA,BDR,0,R$,40.6,40.8,40.3,40.71,40.4,40.4,40.6,91,3606800,146841889.0,0.0,0,9999-12-31,1,0.0,BRTEFCBDR014,100
2000-08-15,96,TEFC11F,20,TELEFONICA,BDR,0,R$,40.0,40.8,40.0,40.42,40.01,40.01,40.59,37,1339,54133.68,0.0,0,9999-12-31,1,0.0,BRTEFCBDR014,100
2000-08-15,62,TEFC11T,30,TEFC,BDR,60,R$,41.8,41.81,41.8,41.8,41.81,0.0,0.0,2,700,29264.94,0.0,0,9999-12-31,1,0.0,BRTEFCBDR014,100
2000-08-15,62,TEFC11T,30,TEFC,BDR,90,R$,42.3,42.31,42.3,42.3,42.31,0.0,0.0,2,1300,54995.88,0.0,0,9999-12-31,1,0.0,BRTEFCBDR014,100
2000-08-16,14,TEFC11,10,TELEFONICA,BDR,0,R$,40.9,41.59,40.9,41.33,41.5,40.01,41.58,88,289300,11957368.0,0.0,0,9999-12-31,1,0.0,BRTEFCBDR014,100
2000-08-16,96,TEFC11F,20,TELEFONICA,BDR,0,R$,40.4,41.5,40.4,41.07,41.48,41.11,41.49,55,1689,69382.17,0.0,0,9999-12-31,1,0.0,BRTEFCBDR014,100
2000-08-16,62,TEFC11T,30,TEFC,BDR,60,R$,41.97,41.98,41.97,41.97,41.98,0.0,0.0,2,1000,41971.03,0.0,0,9999-12-31,1,0.0,BRTEFCBDR014,100
2000-08-17,14,TEFC11,10,TELEFONICA,BDR,0,R$,39.5,39.9,38.52,38.83,39.89,39.0,39.9,45,52400,2035150.0,0.0,0,9999-12-31,1,0.0,BRTEFCBDR014,100
2000-08-17,96,TEFC11F,20,TELEFONICA,BDR,0,R$,40.01,40.01,38.11,39.09,39.0,38.71,41.0,19,421,16423.68,0.0,0,9999-12-31,1,0.0,BRTEFCBDR014,100
2000-08-18,14,TEFC11,10,TELEFONICA,BDR,0,R$,38.0,38.0,36.4,37.11,36.7,36.67,36.7,70,120800,4483227.0,0.0,0,9999-12-31,1,0.0,BRTEFCBDR014,100
2000-08-18,96,TEFC11F,20,TELEFONICA,BDR,0,R$,38.71,39.0,35.5,36.67,37.0,35.07,37.0,38,730,26775.23,0.0,0,9999-12-31,1,0.0,BRTEFCBDR014,100
2000-08-18,62,TEFC11T,30,TEFC,BDR,60,R$,37.36,37.37,37.36,37.36,37.37,0.0,0.0,2,500,18680.7,0.0,0,9999-12-31,1,0.0,BRTEFCBDR014,100
2000-08-18,62,TEFC11T,30,TEFC,BDR,30,R$,36.92,36.92,36.91,36.91,36.91,0.0,0.0,2,2000,73832.2,0.0,0,9999-12-31,1,0.0,BRTEFCBDR014,100
2000-08-21,78,TEFCL2,70,TEFC,BDR,0,R$,3.8,3.8,3.8,3.8,3.8,0.0,0.0,1,1265000,4807000.0,38.0,0,2000-12-18,1,0.0,BRTEFCBDR014,100
2000-08-21,82,TEFCX2,80,TEFC,BDR,0,R$,2.83,2.83,2.83,2.83,2.83,0.0,0.0,1,1265000,3579950.0,38.0,0,2000-12-18,1,0.0,BRTEFCBDR014,100
2000-08-21,62,TEFC11T,30,TEFC,BDR,30,R$,38.45,38.45,38.45,38.45,38.45,0.0,0.0,1,100,3845.0,0.0,0,9999-12-31,1,0.0,BRTEFCBDR014,100
2000-08-21,96,TEFC11F,20,TELEFONICA,BDR,0,R$,36.8,37.07,36.5,36.94,37.0,36.89,37.0,12,241,8902.7,0.0,0,9999-12-31,1,0.0,BRTEFCBDR014,100
2000-08-21,14,TEFC11,10,TELEFONICA,BDR,0,R$,37.99,37.99,36.81,37.09,37.4,37.4,37.98,35,1302300,48314272.0,0.0,0,9999-12-31,1,0.0,BRTEFCBDR014,100
2000-08-22,62,TEFC11T,30,TEFC,BDR,60,R$,37.11,37.12,37.11,37.11,37.12,0.0,0.0,2,100,3711.52,0.0,0,9999-12-31,1,0.0,BRTEFCBDR014,100
2000-08-22,62,TEFC11T,30,TEFC,BDR,30,R$,36.93,36.94,35.84,36.15,35.84,0.0,0.0,5,1600,57846.24,0.0,0,9999-12-31,1,0.0,BRTEFCBDR014,100
2000-08-22,96,TEFC11F,20,TELEFONICA,BDR,0,R$,36.83,36.83,34.01,35.29,34.71,34.71,37.0,27,514,18139.2,0.0,0,9999-12-31,1,0.0,BRTEFCBDR014,100
2000-08-22,14,TEFC11,10,TELEFONICA,BDR,0,R$,36.59,36.59,35.1,35.22,35.2,35.2,35.41,41,1764900,62176239.0,0.0,0,9999-12-31,1,0.0,BRTEFCBDR014,100
2000-08-23,96,TEFC11F,20,TELEFONICA,BDR,0,R$,34.72,35.3,33.41,34.09,34.0,34.0,37.9,30,895,30511.25,0.0,0,9999-12-31,1,0.0,BRTEFCBDR014,100
2000-08-23,14,TEFC11,10,TELEFONICA,BDR,0,R$,35.0,35.0,33.3,33.93,34.2,33.9,34.2,91,1116900,37896750.0,0.0,0,9999-12-31,1,0.0,BRTEFCBDR014,100
2000-08-23,62,TEFC11T,30,TEFC,BDR,30,R$,34.5,34.51,34.24,34.26,34.25,0.0,0.0,8,14600,500293.48,0.0,0,9999-12-31,1,0.0,BRTEFCBDR014,100
2000-08-24,96,TEFC11F,20,TELEFONICA,BDR,0,R$,34.62,34.62,33.7,34.05,33.85,33.6,35.0,34,809,27548.69,0.0,0,9999-12-31,1,0.0,BRTEFCBDR014,100
2000-08-24,14,TEFC11,10,TELEFONICA,BDR,0,R$,34.7,34.7,33.91,34.19,34.0,34.0,35.0,58,1292500,44200677.0,0.0,0,9999-12-31,1,0.0,BRTEFCBDR014,100
2000-08-25,14,TEFC11,10,TELEFONICA,BDR,0,R$,35.49,35.6,34.5,35.18,35.4,35.15,35.4,33,986100,34695665.0,0.0,0,9999-12-31,1,0.0,BRTEFCBDR014,100
2000-08-25,96,TEFC11F,20,TELEFONICA,BDR,0,R$,34.0,35.0,34.0,34.55,34.9,34.16,35.99,16,372,12855.66,0.0,0,9999-12-31,1,0.0,BRTEFCBDR014,100
2000-08-25,62,TEFC11T,30,TEFC,BDR,30,R$,35.59,35.6,35.59,35.59,35.6,0.0,0.0,2,6000,213586.56,0.0,0,9999-12-31,1,0.0,BRTEFCBDR014,100
2000-08-28,62,TEFC11T,30,TEFC,BDR,30,R$,36.28,36.29,36.28,36.28,36.29,0.0,0.0,2,1000,36280.2,0.0,0,9999-12-31,1,0.0,BRTEFCBDR014,100
2000-08-28,14,TEFC11,10,TELEFONICA,BDR,0,R$,35.8,35.95,35.7,35.88,35.9,35.9,36.0,54,955100,34273041.0,0.0,0,9999-12-31,1,0.0,BRTEFCBDR014,100
2000-08-28,96,TEFC11F,20,TELEFONICA,BDR,0,R$,35.8,36.0,35.03,35.64,35.77,35.02,35.7,12,232,8270.76,0.0,0,9999-12-31,1,0.0,BRTEFCBDR014,100
2000-08-29,14,TEFC11,10,TELEFONICA,BDR,0,R$,35.6,35.7,35.2,35.32,35.3,33.33,35.0,55,283300,10007435.0,0.0,0,9999-12-31,1,0.0,BRTEFCBDR014,100
2000-08-29,96,TEFC11F,20,TELEFONICA,BDR,0,R$,35.1,35.84,35.0,35.23,35.3,35.07,35.22,27,392,13811.4,0.0,0,9999-12-31,1,0.0,BRTEFCBDR014,100
2000-08-30,62,TEFC11T,30,TEFC,BDR,30,R$,35.36,35.37,35.36,35.36,35.37,0.0,0.0,2,1400,49517.16,0.0,0,9999-12-31,1,0.0,BRTEFCBDR014,100
2000-08-30,62,TEFC11T,30,TEFC,BDR,60,R$,35.76,35.77,35.76,35.76,35.77,0.0,0.0,2,3600,128742.49,0.0,0,9999-12-31,1,0.0,BRTEFCBDR014,100
2000-08-30,14,TEFC11,10,TELEFONICA,BDR,0,R$,34.9,35.1,34.0,34.84,34.9,34.9,35.0,33,766200,26695540.0,0.0,0,9999-12-31,1,0.0,BRTEFCBDR014,100
2000-08-30,96,TEFC11F,20,TELEFONICA,BDR,0,R$,34.5,35.3,34.01,34.62,34.9,34.02,34.9,21,552,19110.83,0.0,0,9999-12-31,1,0.0,BRTEFCBDR014,100
2000-08-31,96,TEFC11F,20,TELEFONICA,BDR,0,R$,33.82,34.9,33.82,34.4,34.9,34.01,34.9,25,604,20779.24,0.0,0,9999-12-31,1,0.0,BRTEFCBDR014,100
2000-08-31,14,TEFC11,10,TELEFONICA,BDR,0,R$,34.0,34.8,34.0,34.36,34.07,34.06,34.77,24,51500,1769919.0,0.0,0,9999-12-31,1,0.0,BRTEFCBDR014,100
2000-09-01,14,TEFC11,10,TELEFONICA,BDR,0,R$,37.95,38.5,36.5,37.82,38.3,37.2,38.3,135,739700,27975736.0,0.0,0,9999-12-31,1,0.0,BRTEFCBDR014,100
2000-09-01,96,TEFC11F,20,TELEFONICA,BDR,0,R$,36.35,38.25,36.35,37.6,37.7,37.7,38.49,56,989,37186.6,0.0,0,9999-12-31,1,0.0,BRTEFCBDR014,100
2000-09-04,96,TEFC11F,20,TELEFONICA,BDR,0,R$,39.2,39.8,38.11,39.25,39.36,39.36,40.0,19,500,19629.54,0.0,0,9999-12-31,1,0.0,BRTEFCBDR014,100
2000-09-04,14,TEFC11,10,TELEFONICA,BDR,0,R$,39.29,40.0,39.2,39.62,40.0,39.01,39.87,86,149300,5916438.0,0.0,0,9999-12-31,1,0.0,BRTEFCBDR014,100
2000-09-05,96,TEFC11F,20,TELEFONICA,BDR,0,R$,38.6,38.6,37.4,38.07,37.4,37.32,37.7,15,267,10166.96,0.0,0,9999-12-31,1,0.0,BRTEFCBDR014,100
2000-09-05,14,TEFC11,10,TELEFONICA,BDR,0,R$,38.8,38.9,37.9,38.39,37.9,37.0,38.99,22,11600,445413.0,0.0,0,9999-12-31,1,0.0,BRTEFCBDR014,100
2000-09-06,96,TEFC11F,20,TELEFONICA,BDR,0,R$,37.5,38.98,37.0,37.51,38.89,38.0,39.0,15,306,11479.07,0.0,0,9999-12-31,1,0.0,BRTEFCBDR014,100
2000-09-06,14,TEFC11,10,TELEFONICA,BDR,0,R$,37.7,38.0,37.47,37.59,37.6,34.3,37.6,46,236800,8902115.0,0.0,0,9999-12-31,1,0.0,BRTEFCBDR014,100
2000-09-08,14,TEFC11,10,TELEFONICA,BDR,0,R$,38.0,38.0,36.6,36.68,36.6,36.0,37.49,3,3500,128390.0,0.0,0,9999-12-31,1,0.0,BRTEFCBDR014,100
2000-09-08,96,TEFC11F,20,TELEFONICA,BDR,0,R$,37.6,37.6,36.0,36.72,36.6,35.81,36.6,16,319,11716.61,0.0,0,9999-12-31,1,0.0,BRTEFCBDR014,100
2000-09-11,96,TEFC11F,20,TELEFONICA,BDR,0,R$,36.5,36.88,36.5,36.59,36.88,36.51,36.89,11,305,11160.48,0.0,0,9999-12-31,1,0.0,BRTEFCBDR014,100
2000-09-11,14,TEFC11,10,TELEFONICA,BDR,0,R$,36.4,37.0,36.4,36.65,36.9,36.41,37.99,25,17600,645049.0,0.0,0,9999-12-31,1,0.0,BRTEFCBDR014,100
2000-09-12,14,TEFC11,10,TELEFONICA,BDR,0,R$,37.59,37.79,37.3,37.55,37.3,36.5,37.3,50,236600,8885471.0,0.0,0,9999-12-31,1,0.0,BRTEFCBDR014,100
2000-09-12,96,TEFC11F,20,TELEFONICA,BDR,0,R$,36.8,37.5,35.76,37.16,35.76,35.76,37.49,7,180,6690.22,0.0,0,9999-12-31,1,0.0,BRTEFCBDR014,100
2000-09-13,96,TEFC11F,20,TELEFONICA,BDR,0,R$,37.3,37.35,36.61,36.93,36.71,36.71,37.2,19,366,13518.28,0.0,0,9999-12-31,1,0.0,BRTEFCBDR014,100
2000-09-13,14,TEFC11,10,TELEFONICA,BDR,0,R$,37.0,37.5,37.0,37.15,37.5,37.2,37.9,55,101100,3756553.0,0.0,0,9999-12-31,1,0.0,BRTEFCBDR014,100
2000-09-14,96,TEFC11F,20,TELEFONICA,BDR,0,R$,38.1,38.3,37.5,38.09,38.29,38.01,39.0,22,514,19578.73,0.0,0,9999-12-31,1,0.0,BRTEFCBDR014,100
2000-09-14,14,TEFC11,10,TELEFONICA,BDR,0,R$,38.2,39.2,37.8,38.31,38.41,38.41,38.78,108,720000,27587208.0,0.0,0,9999-12-31,1,0.0,BRTEFCBDR014,100
2000-09-15,62,TEFC11T,30,TEFC,BDR,30,R$,38.95,38.95,38.94,38.94,38.94,0.0,0.0,2,300,11682.82,0.0,0,9999-12-31,1,0.0,BRTEFCBDR014,100
2000-09-15,96,TEFC11F,20,TELEFONICA,BDR,0,R$,38.0,38.49,37.06,37.89,37.5,37.05,38.4,13,309,11710.78,0.0,0,9999-12-31,1,0.0,BRTEFCBDR014,100
2000-09-15,14,TEFC11,10,TELEFONICA,BDR,0,R$,38.5,38.7,37.9,38.46,38.0,37.5,38.1,102,408900,15729174.0,0.0,0,9999-12-31,1,0.0,BRTEFCBDR014,100
2000-09-18,62,TEFC11T,30,TEFC,BDR,30,R$,38.04,38.05,38.04,38.04,38.05,0.0,0.0,2,400,15219.44,0.0,0,9999-12-31,1,0.0,BRTEFCBDR014,100
2000-09-18,14,TEFC11,10,TELEFONICA,BDR,0,R$,37.7,37.8,37.0,37.26,37.0,36.5,37.4,53,111000,4136068.0,0.0,0,9999-12-31,1,0.0,BRTEFCBDR014,100
2000-09-18,96,TEFC11F,20,TELEFONICA,BDR,0,R$,37.0,37.59,37.0,37.15,37.3,36.52,37.3,14,346,12856.43,0.0,0,9999-12-31,1,0.0,BRTEFCBDR014,100
2000-09-19,96,TEFC11F,20,TELEFONICA,BDR,0,R$,36.02,37.0,36.02,36.57,37.0,36.41,37.0,5,115,4206.28,0.0,0,9999-12-31,1,0.0,BRTEFCBDR014,100
2000-09-19,14,TEFC11,10,TELEFONICA,BDR,0,R$,36.8,37.1,36.61,36.82,37.0,37.0,37.01,40,108800,4007035.0,0.0,0,9999-12-31,1,0.0,BRTEFCBDR014,100
2000-09-19,62,TEFC11T,30,TEFC,BDR,60,R$,37.66,37.67,37.66,37.66,37.67,0.0,0.0,2,600,22596.84,0.0,0,9999-12-31,1,0.0,BRTEFCBDR014,100
2000-09-20,14,TEFC11,10,TELEFONICA,BDR,0,R$,37.0,37.0,35.3,35.58,35.7,35.7,36.4,53,353800,12591504.0,0.0,0,9999-12-31,1,0.0,BRTEFCBDR014,100
2000-09-20,96,TEFC11F,20,TELEFONICA,BDR,0,R$,36.61,36.61,35.0,35.51,35.21,35.51,36.0,17,237,8417.79,0.0,0,9999-12-31,1,0.0,BRTEFCBDR014,100
2000-09-21,14,TEFC11,10,TELEFONICA,BDR,0,R$,35.0,36.0,35.0,35.23,36.0,35.2,36.9,28,29400,1035830.0,0.0,0,9999-12-31,1,0.0,BRTEFCBDR014,100
2000-09-21,96,TEFC11F,20,TELEFONICA,BDR,0,R$,34.51,35.3,34.51,35.03,35.1,35.1,37.51,14,373,13067.87,0.0,0,9999-12-31,1,0.0,BRTEFCBDR014,100
2000-09-22,62,TEFC11T,30,TEFC,BDR,60,R$,37.85,37.86,37.85,37.85,37.86,0.0,0.0,2,1000,37859.26,0.0,0,9999-12-31,1,0.0,BRTEFCBDR014,100
2000-09-22,14,TEFC11,10,TELEFONICA,BDR,0,R$,36.5,37.99,36.5,37.1,37.99,35.0,38.0,35,32100,1190972.0,0.0,0,9999-12-31,1,0.0,BRTEFCBDR014,100
2000-09-22,96,TEFC11F,20,TELEFONICA,BDR,0,R$,36.0,37.3,36.0,36.74,37.3,36.71,38.0,13,292,10728.29,0.0,0,9999-12-31,1,0.0,BRTEFCBDR014,100
2000-09-25,96,TEFC11F,20,TELEFONICA,BDR,0,R$,37.9,38.0,37.02,37.58,37.43,37.02,37.44,17,409,15373.32,0.0,0,9999-12-31,1,0.0,BRTEFCBDR014,100
2000-09-25,14,TEFC11,10,TELEFONICA,BDR,0,R$,38.1,38.1,37.3,37.41,37.3,37.3,37.5,24,113300,4239223.0,0.0,0,9999-12-31,1,0.0,BRTEFCBDR014,100
2000-09-26,62,TEFC11T,30,TEFC,BDR,30,R$,37.34,37.35,37.34,37.34,37.35,0.0,0.0,2,300,11202.84,0.0,0,9999-12-31,1,0.0,BRTEFCBDR014,100
2000-09-26,96,TEFC11F,20,TELEFONICA,BDR,0,R$,37.31,37.6,36.3,37.24,36.3,0.0,37.6,7,266,9907.11,0.0,0,9999-12-31,1,0.0,BRTEFCBDR014,100
2000-09-26,14,TEFC11,10,TELEFONICA,BDR,0,R$,37.4,37.6,36.5,37.35,36.5,36.5,37.05,65,468400,17495263.0,0.0,0,9999-12-31,1,0.0,BRTEFCBDR014,100
2000-09-27,62,TEFC11T,30,TEFC,BDR,30,R$,37.29,37.3,37.29,37.29,37.3,0.0,0.0,2,200,7458.82,0.0,0,9999-12-31,1,0.0,BRTEFCBDR014,100
2000-09-27,96,TEFC11F,20,TELEFONICA,BDR,0,R$,36.51,37.0,36.5,36.61,36.5,36.0,36.88,13,346,12667.89,0.0,0,9999-12-31,1,0.0,BRTEFCBDR014,100
2000-09-27,14,TEFC11,10,TELEFONICA,BDR,0,R$,36.4,37.4,36.4,36.89,36.8,36.51,36.8,67,227500,8394641.0,0.0,0,9999-12-31,1,0.0,BRTEFCBDR014,100
2000-09-28,14,TEFC11,10,TELEFONICA,BDR,0,R$,36.4,36.9,36.4,36.61,36.9,36.8,37.44,23,24300,889679.0,0.0,0,9999-12-31,1,0.0,BRTEFCBDR014,100
2000-09-28,96,TEFC11F,20,TELEFONICA,BDR,0,R$,36.3,37.4,36.21,36.54,37.4,36.51,37.4,20,581,21239.0,0.0,0,9999-12-31,1,0.0,BRTEFCBDR014,100
2000-09-29,96,TEFC11F,20,TELEFONICA,BDR,0,R$,36.55,36.65,36.31,36.52,36.5,0.0,36.59,6,147,5368.74,0.0,0,9999-12-31,1,0.0,BRTEFCBDR014,100
2000-09-29,14,TEFC11,10,TELEFONICA,BDR,0,R$,36.55,36.7,36.0,36.5,36.4,34.0,37.0,35,36300,1325265.0,0.0,0,9999-12-31,1,0.0,BRTEFCBDR014,100
2000-10-02,96,TEFC11F,20,TELEFONICA,BDR,0,R$,36.99,38.0,36.0,37.32,38.0,36.5,38.0,24,555,20715.64,0.0,0,9999-12-31,1,0.0,BRTEFCBDR014,100
2000-10-02,14,TEFC11,10,TELEFONICA,BDR,0,R$,36.5,37.7,36.5,37.47,37.4,34.0,37.44,34,87500,3278765.0,0.0,0,9999-12-31,1,0.0,BRTEFCBDR014,100
2000-10-03,14,TEFC11,10,TELEFONICA,BDR,0,R$,38.5,38.6,37.8,38.21,37.95,36.51,37.96,112,758200,28978251.0,0.0,0,9999-12-31,1,0.0,BRTEFCBDR014,100
2000-10-03,96,TEFC11F,20,TELEFONICA,BDR,0,R$,38.4,38.5,37.5,38.19,37.5,37.5,39.0,23,494,18868.82,0.0,0,9999-12-31,1,0.0,BRTEFCBDR014,100
2000-10-04,62,TEFC11T,30,TEFC,BDR,60,R$,38.59,38.6,38.59,38.59,38.6,0.0,0.0,2,200,7719.45,0.0,0,9999-12-31,1,0.0,BRTEFCBDR014,100
2000-10-04,14,TEFC11,10,TELEFONICA,BDR,0,R$,37.6,38.35,37.6,37.71,38.11,38.11,38.35,50,385900,14554269.0,0.0,0,9999-12-31,1,0.0,BRTEFCBDR014,100
2000-10-04,96,TEFC11F,20,TELEFONICA,BDR,0,R$,37.8,37.8,37.1,37.65,37.8,36.0,38.3,11,306,11522.6,0.0,0,9999-12-31,1,0.0,BRTEFCBDR014,100
2000-10-05,62,TEFC11T,30,TEFC,BDR,60,R$,39.02,39.35,39.02,39.08,39.35,0.0,0.0,7,800,31271.16,0.0,0,9999-12-31,1,0.0,BRTEFCBDR014,100
2000-10-05,96,TEFC11F,20,TELEFONICA,BDR,0,R$,38.0,38.5,37.71,38.08,38.5,37.75,38.5,21,532,20263.58,0.0,0,9999-12-31,1,0.0,BRTEFCBDR014,100
2000-10-05,14,TEFC11,10,TELEFONICA,BDR,0,R$,38.3,38.31,38.0,38.0,38.0,36.0,38.44,21,96200,3656449.0,0.0,0,9999-12-31,1,0.0,BRTEFCBDR014,100
2000-10-06,96,TEFC11F,20,TELEFONICA,BDR,0,R$,38.0,38.0,36.4,36.95,36.4,36.0,37.1,5,97,3584.7,0.0,0,9999-12-31,1,0.0,BRTEFCBDR014,100
2000-10-06,14,TEFC11,10,TELEFONICA,BDR,0,R$,37.5,37.7,37.0,37.61,37.1,36.0,37.29,15,86300,3246160.0,0.0,0,9999-12-31,1,0.0,BRTEFCBDR014,100
2000-10-09,62,TEFC11T,30,TEFC,BDR,60,R$,37.29,37.3,37.29,37.29,37.3,0.0,0.0,2,500,18649.54,0.0,0,9999-12-31,1,0.0,BRTEFCBDR014,100
2000-10-09,14,TEFC11,10,TELEFONICA,BDR,0,R$,36.4,36.5,36.0,36.28,36.25,36.25,36.4,30,206100,7477840.0,0.0,0,9999-12-31,1,0.0,BRTEFCBDR014,100
2000-10-09,96,TEFC11F,20,TELEFONICA,BDR,0,R$,36.3,36.3,35.0,35.91,35.8,35.01,37.5,7,205,7361.6,0.0,0,9999-12-31,1,0.0,BRTEFCBDR014,100
2000-10-10,62,TEFC11T,30,TEFC,BDR,30,R$,36.6,36.61,36.6,36.6,36.61,0.0,0.0,2,1700,62224.36,0.0,0,9999-12-31,1,0.0,BRTEFCBDR014,100
2000-10-10,62,TEFC11T,30,TEFC,BDR,60,R$,37.4,37.4,37.14,37.36,37.14,0.0,0.0,3,900,33629.4,0.0,0,9999-12-31,1,0.0,BRTEFCBDR014,100
2000-10-10,96,TEFC11F,20,TELEFONICA,BDR,0,R$,36.25,36.5,35.0,35.95,36.0,35.22,36.0,14,350,12583.75,0.0,0,9999-12-31,1,0.0,BRTEFCBDR014,100
2000-10-10,14,TEFC11,10,TELEFONICA,BDR,0,R$,36.0,36.6,36.0,36.32,36.25,36.2,36.25,31,72500,2633361.0,0.0,0,9999-12-31,1,0.0,BRTEFCBDR014,100
2000-10-11,62,TEFC11T,30,TEFC,BDR,60,R$,36.45,36.46,36.45,36.45,36.46,0.0,0.0,2,500,18227.2,0.0,0,9999-12-31,1,0.0,BRTEFCBDR014,100
2000-10-11,14,TEFC11,10,TELEFONICA,BDR,0,R$,35.4,35.7,35.31,35.51,35.31,35.3,35.85,14,16000,568168.0,0.0,0,9999-12-31,1,0.0,BRTEFCBDR014,100
2000-10-11,96,TEFC11F,20,TELEFONICA,BDR,0,R$,35.4,35.7,34.71,35.36,35.6,35.01,35.6,6,169,5976.86,0.0,0,9999-12-31,1,0.0,BRTEFCBDR014,100
2000-10-13,14,TEFC11,10,TELEFONICA,BDR,0,R$,34.1,34.5,34.0,34.4,34.4,34.1,35.0,31,159700,5493958.0,0.0,0,9999-12-31,1,0.0,BRTEFCBDR014,100
2000-10-13,96,TEFC11F,20,TELEFONICA,BDR,0,R$,34.1,34.1,33.5,33.89,33.5,33.5,34.4,6,227,7694.4,0.0,0,9999-12-31,1,0.0,BRTEFCBDR014,100
2000-10-16,96,TEFC11F,20,TELEFONICA,BDR,0,R$,33.5,33.7,33.5,33.63,33.7,33.61,33.7,5,85,2858.34,0.0,0,9999-12-31,1,0.0,BRTEFCBDR014,100
2000-10-16,14,TEFC11,10,TELEFONICA,BDR,0,R$,34.0,34.4,33.5,33.94,33.56,33.6,33.75,42,126000,4276965.0,0.0,0,9999-12-31,1,0.0,BRTEFCBDR014,100
2000-10-17,96,TEFC11F,20,TELEFONICA,BDR,0,R$,33.3,33.3,31.0,32.55,31.0,29.0,32.0,10,226,7358.2,0.0,0,9999-12-31,1,0.0,BRTEFCBDR014,100
2000-10-17,14,TEFC11,10,TELEFONICA,BDR,0,R$,33.7,33.7,32.5,32.86,32.51,32.5,35.0,67,198300,6516374.0,0.0,0,9999-12-31,1,0.0,BRTEFCBDR014,100
2000-10-18,96,TEFC11F,20,TELEFONICA,BDR,0,R$,31.4,31.4,30.5,30.62,30.5,31.01,33.0,2,52,1592.3,0.0,0,9999-12-31,1,0.0,BRTEFCBDR014,100
2000-10-18,14,TEFC11,10,TELEFONICA,BDR,0,R$,31.4,32.0,31.2,31.39,32.0,31.5,33.0,30,19900,624734.0,0.0,0,9999-12-31,1,0.0,BRTEFCBDR014,100
2000-10-18,62,TEFC11T,30,TEFC,BDR,60,R$,32.39,32.81,32.39,32.43,32.81,0.0,0.0,4,1100,35676.96,0.0,0,9999-12-31,1,0.0,BRTEFCBDR014,100
2000-10-19,96,TEFC11F,20,TELEFONICA,BDR,0,R$,32.0,33.5,32.0,33.21,33.4,33.11,34.99,17,491,16307.82,0.0,0,9999-12-31,1,0.0,BRTEFCBDR014,100
2000-10-19,14,TEFC11,10,TELEFONICA,BDR,0,R$,33.51,34.0,33.15,33.35,34.0,33.5,34.9,33,286100,9542915.0,0.0,0,9999-12-31,1,0.0,BRTEFCBDR014,100
2000-10-20,14,TEFC11,10,TELEFONICA,BDR,0,R$,34.3,34.3,33.7,33.83,33.7,33.7,33.9,25,267700,9058255.0,0.0,0,9999-12-31,1,0.0,BRTEFCBDR014,100
2000-10-20,96,TEFC11F,20,TELEFONICA,BDR,0,R$,33.51,34.01,33.51,33.65,33.51,32.1,33.5,12,232,7808.72,0.0,0,9999-12-31,1,0.0,BRTEFCBDR014,100
2000-10-23,96,TEFC11F,20,TELEFONICA,BDR,0,R$,34.0,34.5,33.0,33.62,33.5,32.5,34.0,7,232,7801.4,0.0,0,9999-12-31,1,0.0,BRTEFCBDR014,100
2000-10-23,14,TEFC11,10,TELEFONICA,BDR,0,R$,34.5,34.65,34.0,34.43,34.1,32.0,34.1,23,30200,1039908.0,0.0,0,9999-12-31,1,0.0,BRTEFCBDR014,100
2000-10-23,62,TEFC11T,30,TEFC,BDR,60,R$,35.47,35.48,35.47,35.47,35.48,0.0,0.0,2,300,10641.61,0.0,0,9999-12-31,1,0.0,BRTEFCBDR014,100
2000-10-24,96,TEFC11F,20,TELEFONICA,BDR,0,R$,34.99,36.1,34.0,35.39,36.1,35.51,36.1,24,640,22652.65,0.0,0,9999-12-31,1,0.0,BRTEFCBDR014,100
2000-10-24,14,TEFC11,10,TELEFONICA,BDR,0,R$,35.0,36.3,35.0,35.81,35.85,35.85,36.09,122,336800,12061325.0,0.0,0,9999-12-31,1,0.0,BRTEFCBDR014,100
2000-10-24,62,TEFC11T,30,TEFC,BDR,60,R$,36.71,36.72,36.71,36.71,36.72,0.0,0.0,2,200,7342.58,0.0,0,9999-12-31,1,0.0,BRTEFCBDR014,100
2000-10-25,96,TEFC11F,20,TELEFONICA,BDR,0,R$,35.8,36.45,34.0,35.56,34.71,35.2,36.45,7,273,9699.75,0.0,0,9999-12-31,1,0.0,BRTEFCBDR014,100
2000-10-25,14,TEFC11,10,TELEFONICA,BDR,0,R$,35.85,36.45,35.0,35.69,35.7,35.7,36.3,28,124600,4448160.0,0.0,0,9999-12-31,1,0.0,BRTEFCBDR014,100
2000-10-26,62,TEFC11T,30,TEFC,BDR,60,R$,37.34,37.35,37.34,37.34,37.35,0.0,0.0,2,400,14937.21,0.0,0,9999-12-31,1,0.0,BRTEFCBDR014,100
2000-10-26,14,TEFC11,10,TELEFONICA,BDR,0,R$,35.7,36.8,35.7,36.51,36.8,36.6,36.89,66,83800,3059892.0,0.0,0,9999-12-31,1,0.0,BRTEFCBDR014,100
2000-10-26,96,TEFC11F,20,TELEFONICA,BDR,0,R$,35.21,36.6,35.21,36.14,36.6,36.31,36.6,23,540,19519.39,0.0,0,9999-12-31,1,0.0,BRTEFCBDR014,100
2000-10-27,14,TEFC11,10,TELEFONICA,BDR,0,R$,37.0,37.6,37.0,37.4,37.3,37.1,37.79,32,236800,8856448.0,0.0,0,9999-12-31,1,0.0,BRTEFCBDR014,100
2000-10-27,96,TEFC11F,20,TELEFONICA,BDR,0,R$,37.1,37.4,37.1,37.17,37.1,37.2,37.4,10,281,10445.2,0.0,0,9999-12-31,1,0.0,BRTEFCBDR014,100
2000-10-30,96,TEFC11F,20,TELEFONICA,BDR,0,R$,36.4,36.4,36.01,36.2,36.01,35.8,36.3,5,166,6009.28,0.0,0,9999-12-31,1,0.0,BRTEFCBDR014,100
2000-10-30,14,TEFC11,10,TELEFONICA,BDR,0,R$,36.5,36.5,36.3,36.43,36.5,35.5,36.5,12,15800,575690.0,0.0,0,9999-12-31,1,0.0,BRTEFCBDR014,100
2000-10-31,14,TEFC11,10,TELEFONICA,BDR,0,R$,36.5,36.5,35.8,36.18,36.0,35.8,36.0,12,6800,246037.0,0.0,0,9999-12-31,1,0.0,BRTEFCBDR014,100
2000-10-31,96,TEFC11F,20,TELEFONICA,BDR,0,R$,36.0,36.0,35.11,35.65,35.65,35.5,35.95,6,230,8199.94,0.0,0,9999-12-31,1,0.0,BRTEFCBDR014,100
2000-10-31,62,TEFC11T,30,TEFC,BDR,30,R$,36.92,36.92,36.92,36.92,36.92,0.0,0.0,1,2600,95992.0,0.0,0,9999-12-31,1,0.0,BRTEFCBDR014,100
2000-11-01,96,TEFC11F,20,TELEFONICA,BDR,0,R$,36.0,36.5,36.0,36.15,36.21,36.21,36.5,9,238,8605.33,0.0,0,9999-12-31,1,0.0,BRTEFCBDR014,100
2000-11-01,14,TEFC11,10,TELEFONICA,BDR,0,R$,36.5,36.9,36.49,36.56,36.79,36.5,37.0,24,95800,3503167.0,0.0,0,9999-12-31,1,0.0,BRTEFCBDR014,100
2000-11-03,96,TEFC11F,20,TELEFONICA,BDR,0,R$,37.78,38.0,36.5,37.24,37.4,37.0,38.0,16,331,12326.63,0.0,0,9999-12-31,1,0.0,BRTEFCBDR014,100
2000-11-03,14,TEFC11,10,TELEFONICA,BDR,0,R$,37.0,38.4,37.0,37.52,37.5,34.5,37.5,28,164600,6176230.0,0.0,0,9999-12-31,1,0.0,BRTEFCBDR014,100
2000-11-06,14,TEFC11,10,TELEFONICA,BDR,0,R$,38.3,38.31,37.41,38.18,38.29,37.31,38.0,37,47400,1810197.0,0.0,0,9999-12-31,1,0.0,BRTEFCBDR014,100
2000-11-06,62,TEFC11T,30,TEFC,BDR,90,R$,38.97,38.97,38.97,38.97,38.97,0.0,0.0,1,30,1169.1,0.0,0,9999-12-31,1,0.0,BRTEFCBDR014,100
2000-11-06,96,TEFC11F,20,TELEFONICA,BDR,0,R$,38.0,38.2,37.1,38.02,37.49,37.1,37.49,22,612,23268.29,0.0,0,9999-12-31,1,0.0,BRTEFCBDR014,100
2000-11-07,14,TEFC11,10,TELEFONICA,BDR,0,R$,37.9,38.2,37.5,37.82,37.7,37.0,37.9,35,384800,14555650.0,0.0,0,9999-12-31,1,0.0,BRTEFCBDR014,100
2000-11-07,96,TEFC11F,20,TELEFONICA,BDR,0,R$,37.9,38.2,37.52,37.86,37.52,37.41,38.2,11,304,11511.99,0.0,0,9999-12-31,1,0.0,BRTEFCBDR014,100
2000-11-08,96,TEFC11F,20,TELEFONICA,BDR,0,R$,37.7,37.8,37.5,37.66,37.8,36.5,37.8,12,383,14427.19,0.0,0,9999-12-31,1,0.0,BRTEFCBDR014,100
2000-11-08,14,TEFC11,10,TELEFONICA,BDR,0,R$,37.99,38.1,37.3,37.85,37.7,37.0,37.7,29,44800,1695781.0,0.0,0,9999-12-31,1,0.0,BRTEFCBDR014,100
2000-11-09,96,TEFC11F,20,TELEFONICA,BDR,0,R$,36.51,36.51,35.7,36.02,35.9,36.0,38.0,5,99,3566.8,0.0,0,9999-12-31,1,0.0,BRTEFCBDR014,100
2000-11-09,14,TEFC11,10,TELEFONICA,BDR,0,R$,37.0,37.0,35.8,36.14,36.3,36.3,36.68,20,33200,1200030.0,0.0,0,9999-12-31,1,0.0,BRTEFCBDR014,100
2000-11-10,96,TEFC11F,20,TELEFONICA,BDR,0,R$,34.5,35.2,34.3,34.71,34.3,33.3,37.5,18,323,11212.84,0.0,0,9999-12-31,1,0.0,BRTEFCBDR014,100
2000-11-10,14,TEFC11,10,TELEFONICA,BDR,0,R$,35.01,35.21,34.5,34.86,34.7,34.6,37.0,35,70300,2450939.0,0.0,0,9999-12-31,1,0.0,BRTEFCBDR014,100
2000-11-13,62,TEFC11T,30,TEFC,BDR,90,R$,35.35,35.35,35.35,35.35,35.35,0.0,0.0,1,30,1060.5,0.0,0,9999-12-31,1,0.0,BRTEFCBDR014,100
2000-11-13,14,TEFC11,10,TELEFONICA,BDR,0,R$,34.0,34.5,33.7,34.02,34.5,34.0,34.6,20,24900,847152.0,0.0,0,9999-12-31,1,0.0,BRTEFCBDR014,100
2000-11-13,96,TEFC11F,20,TELEFONICA,BDR,0,R$,32.51,34.0,32.51,33.33,34.0,33.75,34.0,7,213,7100.35,0.0,0,9999-12-31,1,0.0,BRTEFCBDR014,100
2000-11-14,62,TEFC11T,30,TEFC,BDR,60,R$,37.41,37.41,37.4,37.4,37.4,0.0,0.0,2,600,22445.73,0.0,0,9999-12-31,1,0.0,BRTEFCBDR014,100
2000-11-14,96,TEFC11F,20,TELEFONICA,BDR,0,R$,35.0,36.0,34.5,35.39,36.0,35.51,36.9,12,445,15751.75,0.0,0,9999-12-31,1,0.0,BRTEFCBDR014,100
2000-11-14,14,TEFC11,10,TELEFONICA,BDR,0,R$,35.5,36.69,35.5,36.31,36.69,36.0,36.69,57,264900,9619494.0,0.0,0,9999-12-31,1,0.0,BRTEFCBDR014,100
2000-11-16,96,TEFC11F,20,TELEFONICA,BDR,0,R$,34.46,35.0,34.45,34.79,34.45,34.22,34.4,13,317,11030.73,0.0,0,9999-12-31,1,0.0,BRTEFCBDR014,100
2000-11-16,14,TEFC11,10,TELEFONICA,BDR,0,R$,34.9,35.1,34.4,34.69,34.55,34.31,34.55,36,65200,2262179.0,0.0,0,9999-12-31,1,0.0,BRTEFCBDR014,100
2000-11-16,62,TEFC11T,30,TEFC,BDR,60,R$,35.87,35.87,35.86,35.86,35.86,0.0,0.0,2,1000,35864.5,0.0,0,9999-12-31,1,0.0,BRTEFCBDR014,100
2000-11-17,14,TEFC11,10,TELEFONICA,BDR,0,R$,34.5,34.7,34.0,34.34,34.4,34.2,34.4,15,11100,381193.0,0.0,0,9999-12-31,1,0.0,BRTEFCBDR014,100
2000-11-17,96,TEFC11F,20,TELEFONICA,BDR,0,R$,34.02,34.5,34.0,34.16,34.5,32.55,34.5,10,202,6905.04,0.0,0,9999-12-31,1,0.0,BRTEFCBDR014,100
2000-11-20,14,TEFC11,10,TELEFONICA,BDR,0,R$,33.5,33.5,32.5,32.88,32.9,32.89,32.9,55,119700,3936783.0,0.0,0,9999-12-31,1,0.0,BRTEFCBDR014,100
2000-11-20,96,TEFC11F,20,TELEFONICA,BDR,0,R$,32.8,32.8,32.8,32.8,32.8,32.81,33.3,2,17,557.6,0.0,0,9999-12-31,1,0.0,BRTEFCBDR014,100
2000-11-21,96,TEFC11F,20,TELEFONICA,BDR,0,R$,31.6,31.6,31.35,31.45,31.6,31.7,36.0,3,143,4498.3,0.0,0,9999-12-31,1,0.0,BRTEFCBDR014,100
2000-11-21,14,TEFC11,10,TELEFONICA,BDR,0,R$,31.21,32.2,31.0,31.33,32.2,32.0,32.2,56,106500,3337798.0,0.0,0,9999-12-31,1,0.0,BRTEFCBDR014,100
2000-11-21,62,TEFC11T,30,TEFC,BDR,29,R$,31.46,31.46,31.45,31.45,31.45,0.0,0.0,2,14600,459224.74,0.0,0,9999-12-31,1,0.0,BRTEFCBDR014,100
2000-11-21,62,TEFC11T,30,TEFC,BDR,90,R$,32.55,32.56,32.4,32.47,32.4,0.0,0.0,3,182,5909.67,0.0,0,9999-12-31,1,0.0,BRTEFCBDR014,100
2000-11-21,62,TEFC11T,30,TEFC,BDR,30,R$,31.49,31.5,31.49,31.49,31.5,0.0,0.0,2,1000,31491.86,0.0,0,9999-12-31,1,0.0,BRTEFCBDR014,100
2000-11-22,96,TEFC11F,20,TELEFONICA,BDR,0,R$,30.02,30.1,30.0,30.05,30.1,25.0,33.0,4,136,4087.32,0.0,0,9999-12-31,1,0.0,BRTEFCBDR014,100
2000-11-22,62,TEFC11T,30,TEFC,BDR,90,R$,31.97,31.98,31.97,31.97,31.98,0.0,0.0,2,1300,41564.04,0.0,0,9999-12-31,1,0.0,BRTEFCBDR014,100
2000-11-22,62,TEFC11T,30,TEFC,BDR,30,R$,30.89,30.9,30.89,30.89,30.9,0.0,0.0,2,1000,30894.43,0.0,0,9999-12-31,1,0.0,BRTEFCBDR014,100
2000-11-22,62,TEFC11T,30,TEFC,BDR,60,R$,30.85,30.85,30.84,30.84,30.84,0.0,0.0,2,1000,30840.46,0.0,0,9999-12-31,1,0.0,BRTEFCBDR014,100
2000-11-22,14,TEFC11,10,TELEFONICA,BDR,0,R$,30.5,30.8,30.0,30.39,30.4,30.4,30.45,89,191800,5829947.0,0.0,0,9999-12-31,1,0.0,BRTEFCBDR014,100
2000-11-22,62,TEFC11T,30,TEFC,BDR,29,R$,30.78,30.88,30.77,30.81,30.77,0.0,0.0,6,5000,154087.28,0.0,0,9999-12-31,1,0.0,BRTEFCBDR014,100
2000-11-23,96,TEFC11F,20,TELEFONICA,BDR,0,R$,29.41,35.99,29.41,29.64,35.99,32.0,36.0,5,101,3000.49,0.0,0,9999-12-31,1,0.0,BRTEFCBDR014,100
2000-11-23,14,TEFC11,10,TELEFONICA,BDR,0,R$,30.1,30.3,29.99,30.08,30.1,30.01,30.1,21,28800,866352.0,0.0,0,9999-12-31,1,0.0,BRTEFCBDR014,100
2000-11-23,62,TEFC11T,30,TEFC,BDR,60,R$,30.74,30.74,30.73,30.73,30.73,0.0,0.0,2,3000,92205.0,0.0,0,9999-12-31,1,0.0,BRTEFCBDR014,100
2000-11-23,62,TEFC11T,30,TEFC,BDR,90,R$,31.45,31.46,31.45,31.45,31.46,0.0,0.0,2,5000,157274.32,0.0,0,9999-12-31,1,0.0,BRTEFCBDR014,100
2000-11-24,62,TEFC11T,30,TEFC,BDR,90,R$,33.74,33.75,33.74,33.74,33.75,0.0,0.0,2,4000,134986.88,0.0,0,9999-12-31,1,0.0,BRTEFCBDR014,100
2000-11-24,96,TEFC11F,20,TELEFONICA,BDR,0,R$,31.01,31.51,31.01,31.24,31.51,31.75,35.0,7,246,7685.63,0.0,0,9999-12-31,1,0.0,BRTEFCBDR014,100
2000-11-24,14,TEFC11,10,TELEFONICA,BDR,0,R$,31.55,32.48,31.5,31.76,32.0,32.0,32.05,27,24200,768653.0,0.0,0,9999-12-31,1,0.0,BRTEFCBDR014,100
2000-11-27,62,TEFC11T,30,TEFC,BDR,30,R$,33.2,33.2,33.2,33.2,33.2,0.0,0.0,1,2600,86320.0,0.0,0,9999-12-31,1,0.0,BRTEFCBDR014,100
2000-11-27,14,TEFC11,10,TELEFONICA,BDR,0,R$,32.55,33.0,31.65,32.09,31.9,31.8,32.0,36,79600,2555067.0,0.0,0,9999-12-31,1,0.0,BRTEFCBDR014,100
2000-11-27,96,TEFC11F,20,TELEFONICA,BDR,0,R$,32.14,32.14,31.61,31.98,31.61,30.5,32.77,11,226,7227.56,0.0,0,9999-12-31,1,0.0,BRTEFCBDR014,100
2000-11-28,96,TEFC11F,20,TELEFONICA,BDR,0,R$,30.0,30.75,30.0,30.06,30.75,30.0,30.75,5,202,6073.7,0.0,0,9999-12-31,1,0.0,BRTEFCBDR014,100
2000-11-28,14,TEFC11,10,TELEFONICA,BDR,0,R$,31.15,31.2,30.65,30.78,30.65,30.5,31.0,19,14900,458745.0,0.0,0,9999-12-31,1,0.0,BRTEFCBDR014,100
2000-11-29,14,TEFC11,10,TELEFONICA,BDR,0,R$,30.7,32.9,30.7,31.13,30.8,30.8,31.2,37,99000,3082745.0,0.0,0,9999-12-31,1,0.0,BRTEFCBDR014,100
2000-11-29,62,TEFC11T,30,TEFC,BDR,60,R$,33.72,33.72,32.06,32.72,32.07,0.0,0.0,3,500,16364.74,0.0,0,9999-12-31,1,0.0,BRTEFCBDR014,100
2000-11-29,62,TEFC11T,30,TEFC,BDR,90,R$,32.46,32.47,32.07,32.13,32.08,0.0,0.0,4,3538,113680.68,0.0,0,9999-12-31,1,0.0,BRTEFCBDR014,100
2000-11-29,96,TEFC11F,20,TELEFONICA,BDR,0,R$,30.5,31.6,30.41,30.85,31.01,30.4,30.8,10,135,4165.6,0.0,0,9999-12-31,1,0.0,BRTEFCBDR014,100
2000-11-30,14,TEFC11,10,TELEFONICA,BDR,0,R$,30.75,31.2,30.3,30.7,31.0,31.0,31.1,45,126600,3887615.0,0.0,0,9999-12-31,1,0.0,BRTEFCBDR014,100
2000-11-30,96,TEFC11F,20,TELEFONICA,BDR,0,R$,30.01,30.75,30.01,30.49,30.01,30.01,32.5,4,109,3323.84,0.0,0,9999-12-31,1,0.0,BRTEFCBDR014,100
2000-12-01,62,TEFC11T,30,TEFC,BDR,90,R$,33.06,33.06,33.05,33.05,33.05,0.0,0.0,2,4000,132237.89,0.0,0,9999-12-31,1,0.0,BRTEFCBDR014,100
2000-12-01,96,TEFC11F,20,TELEFONICA,BDR,0,R$,31.81,31.81,31.6,31.79,31.6,31.6,32.0,12,236,7504.33,0.0,0,9999-12-31,1,0.0,BRTEFCBDR014,100
2000-12-01,14,TEFC11,10,TELEFONICA,BDR,0,R$,31.85,32.0,31.55,31.84,31.75,31.75,32.75,59,264800,8433670.0,0.0,0,9999-12-31,1,0.0,BRTEFCBDR014,100
2000-12-04,96,TEFC11F,20,TELEFONICA,BDR,0,R$,31.51,31.75,31.21,31.46,31.69,31.51,32.1,9,219,6891.47,0.0,0,9999-12-31,1,0.0,BRTEFCBDR014,100
2000-12-04,14,TEFC11,10,TELEFONICA,BDR,0,R$,31.8,32.0,31.45,31.71,32.0,31.9,32.1,41,117200,3717144.0,0.0,0,9999-12-31,1,0.0,BRTEFCBDR014,100
2000-12-05,62,TEFC11T,30,TEFC,BDR,60,R$,34.13,34.14,34.13,34.13,34.13,0.0,0.0,4,700,23892.56,0.0,0,9999-12-31,1,0.0,BRTEFCBDR014,100
2000-12-05,14,TEFC11,10,TELEFONICA,BDR,0,R$,32.45,33.5,32.3,32.99,33.35,33.2,33.35,63,166600,5496969.0,0.0,0,9999-12-31,1,0.0,BRTEFCBDR014,100
2000-12-05,96,TEFC11F,20,TELEFONICA,BDR,0,R$,30.6,33.35,30.6,32.41,33.0,32.91,33.35,10,294,9529.11,0.0,0,9999-12-31,1,0.0,BRTEFCBDR014,100
2000-12-06,62,TEFC11T,30,TEFC,BDR,90,R$,34.53,34.83,34.31,34.68,34.32,0.0,0.0,5,1400,48557.32,0.0,0,9999-12-31,1,0.0,BRTEFCBDR014,100
2000-12-06,96,TEFC11F,20,TELEFONICA,BDR,0,R$,33.25,34.0,33.25,33.61,33.3,31.5,32.79,15,266,8942.9,0.0,0,9999-12-31,1,0.0,BRTEFCBDR014,100
2000-12-06,14,TEFC11,10,TELEFONICA,BDR,0,R$,33.4,34.1,32.9,33.48,32.95,32.95,33.0,56,124200,4158672.0,0.0,0,9999-12-31,1,0.0,BRTEFCBDR014,100
2000-12-07,14,TEFC11,10,TELEFONICA,BDR,0,R$,33.8,33.8,33.0,33.56,33.1,0.0,33.2,39,85700,2876375.0,0.0,0,9999-12-31,1,0.0,BRTEFCBDR014,100
2000-12-07,96,TEFC11F,20,TELEFONICA,BDR,0,R$,33.3,33.4,32.5,33.2,32.5,32.2,32.9,7,206,6840.13,0.0,0,9999-12-31,1,0.0,BRTEFCBDR014,100
2000-12-08,96,TEFC11F,20,TELEFONICA,BDR,0,R$,33.03,33.78,32.5,33.48,33.51,33.51,33.89,6,100,3348.35,0.0,0,9999-12-31,1,0.0,BRTEFCBDR014,100
2000-12-08,14,TEFC11,10,TELEFONICA,BDR,0,R$,34.2,34.2,33.7,33.9,34.1,0.0,33.74,36,259600,8801275.0,0.0,0,9999-12-31,1,0.0,BRTEFCBDR014,100
2000-12-11,14,TEFC11,10,TELEFONICA,BDR,0,R$,34.5,34.7,34.3,34.49,34.3,34.3,34.5,29,45300,1562720.0,0.0,0,9999-12-31,1,0.0,BRTEFCBDR014,100
2000-12-11,96,TEFC11F,20,TELEFONICA,BDR,0,R$,34.3,35.0,33.0,33.98,34.3,33.7,34.3,13,323,10977.28,0.0,0,9999-12-31,1,0.0,BRTEFCBDR014,100
2000-12-12,96,TEFC11F,20,TELEFONICA,BDR,0,R$,35.0,35.0,34.5,34.75,34.5,0.0,35.05,7,240,8340.95,0.0,0,9999-12-31,1,0.0,BRTEFCBDR014,100
2000-12-12,14,TEFC11,10,TELEFONICA,BDR,0,R$,35.2,35.25,34.8,35.0,34.9,34.85,34.95,46,181300,6346717.0,0.0,0,9999-12-31,1,0.0,BRTEFCBDR014,100
2000-12-13,62,TEFC11T,30,TEFC,BDR,60,R$,35.53,35.54,35.53,35.53,35.54,0.0,0.0,2,1000,35532.97,0.0,0,9999-12-31,1,0.0,BRTEFCBDR014,100
2000-12-13,14,TEFC11,10,TELEFONICA,BDR,0,R$,34.7,35.2,34.0,34.71,34.3,33.5,34.3,31,134800,4678988.0,0.0,0,9999-12-31,1,0.0,BRTEFCBDR014,100
2000-12-13,96,TEFC11F,20,TELEFONICA,BDR,0,R$,34.8,34.9,33.3,34.02,34.0,33.23,36.0,11,435,14799.65,0.0,0,9999-12-31,1,0.0,BRTEFCBDR014,100
2000-12-14,14,TEFC11,10,TELEFONICA,BDR,0,R$,34.4,34.7,34.0,34.46,34.0,33.6,34.15,35,67600,2329859.0,0.0,0,9999-12-31,1,0.0,BRTEFCBDR014,100
2000-12-14,96,TEFC11F,20,TELEFONICA,BDR,0,R$,34.3,34.5,33.71,34.32,34.11,34.11,34.6,9,100,3432.13,0.0,0,9999-12-31,1,0.0,BRTEFCBDR014,100
2000-12-15,62,TEFC11T,30,TEFC,BDR,60,R$,32.75,32.75,32.75,32.75,32.75,0.0,0.0,1,25,818.75,0.0,0,9999-12-31,1,0.0,BRTEFCBDR014,100
2000-12-15,96,TEFC11F,20,TELEFONICA,BDR,0,R$,33.0,33.0,32.0,32.13,32.02,32.02,33.39,8,131,4210.26,0.0,0,9999-12-31,1,0.0,BRTEFCBDR014,100
2000-12-15,14,TEFC11,10,TELEFONICA,BDR,0,R$,33.4,33.5,32.0,32.89,32.78,30.0,32.79,16,39700,1305878.0,0.0,0,9999-12-31,1,0.0,BRTEFCBDR014,100
2000-12-18,78,TEFCD3,70,TEFC,BDR,0,R$,2.7,2.7,2.7,2.7,2.7,0.0,0.0,1,1265000,3415500.0,34.0,0,2001-04-16,1,0.0,BRTEFCBDR014,100
2000-12-18,42,TEFCX2EE,13,TEFC,BDR,0,R$,38.0,38.0,38.0,38.0,38.0,0.0,0.0,3,1265000,48070000.0,38.0,0,2000-12-18,1,0.0,BRTEFCBDR014,100
2000-12-18,62,TEFC11T,30,TEFC,BDR,60,R$,32.79,32.79,32.79,32.79,32.79,0.0,0.0,1,25,819.75,0.0,0,9999-12-31,1,0.0,BRTEFCBDR014,100
2000-12-18,82,TEFCP3,80,TEFC,BDR,0,R$,3.05,3.05,3.05,3.05,3.05,0.0,0.0,1,1265000,3858250.0,34.0,0,2001-04-16,1,0.0,BRTEFCBDR014,100
2000-12-18,14,TEFC11,10,TELEFONICA,BDR,0,R$,32.8,32.8,32.0,32.0,32.0,32.0,32.5,19,1295500,41466610.0,0.0,0,9999-12-31,1,0.0,BRTEFCBDR014,100
2000-12-18,96,TEFC11F,20,TELEFONICA,BDR,0,R$,32.5,32.5,31.56,31.79,31.9,31.56,37.0,10,257,8171.09,0.0,0,9999-12-31,1,0.0,BRTEFCBDR014,100
2000-12-19,96,TEFC11F,20,TELEFONICA,BDR,0,R$,32.0,32.9,32.0,32.33,32.51,32.51,37.0,13,209,6757.19,0.0,0,9999-12-31,1,0.0,BRTEFCBDR014,100
2000-12-19,14,TEFC11,10,TELEFONICA,BDR,0,R$,32.5,32.5,32.0,32.24,32.5,31.81,33.9,22,44200,1425267.0,0.0,0,9999-12-31,1,0.0,BRTEFCBDR014,100
2000-12-19,62,TEFC11T,30,TEFC,BDR,60,R$,33.06,33.07,32.97,33.01,32.98,0.0,0.0,4,550,18157.67,0.0,0,9999-12-31,1,0.0,BRTEFCBDR014,100
2000-12-19,62,TEFC11T,30,TEFC,BDR,30,R$,32.85,32.86,32.85,32.85,32.86,0.0,0.0,2,1000,32857.5,0.0,0,9999-12-31,1,0.0,BRTEFCBDR014,100
2000-12-19,62,TEFC11T,30,TEFC,BDR,29,R$,32.86,32.86,32.85,32.85,32.85,0.0,0.0,2,2000,65702.0,0.0,0,9999-12-31,1,0.0,BRTEFCBDR014,100
2000-12-20,62,TEFC11T,30,TEFC,BDR,30,R$,32.05,32.06,32.05,32.05,32.06,0.0,0.0,2,1000,32055.04,0.0,0,9999-12-31,1,0.0,BRTEFCBDR014,100
2000-12-20,62,TEFC11T,30,TEFC,BDR,60,R$,33.28,33.29,33.28,33.28,33.29,0.0,0.0,2,400,13314.4,0.0,0,9999-12-31,1,0.0,BRTEFCBDR014,100
2000-12-20,14,TEFC11,10,TELEFONICA,BDR,0,R$,32.49,32.49,30.6,31.61,30.6,30.2,31.7,29,157600,4982234.0,0.0,0,9999-12-31,1,0.0,BRTEFCBDR014,100
2000-12-20,96,TEFC11F,20,TELEFONICA,BDR,0,R$,31.8,31.8,31.0,31.51,31.0,30.5,31.99,7,47,1481.3,0.0,0,9999-12-31,1,0.0,BRTEFCBDR014,100
2000-12-21,96,TEFC11F,20,TELEFONICA,BDR,0,R$,30.5,31.15,30.0,30.55,30.0,30.1,35.0,16,518,15826.15,0.0,0,9999-12-31,1,0.0,BRTEFCBDR014,100
2000-12-21,14,TEFC11,10,TELEFONICA,BDR,0,R$,30.8,31.2,30.1,30.84,30.3,30.05,30.29,51,297700,9183161.0,0.0,0,9999-12-31,1,0.0,BRTEFCBDR014,100
2000-12-21,62,TEFC11T,30,TEFC,BDR,60,R$,31.42,31.42,31.42,31.42,31.42,0.0,0.0,1,100,3142.0,0.0,0,9999-12-31,1,0.0,BRTEFCBDR014,100
2000-12-22,14,TEFC11,10,TELEFONICA,BDR,0,R$,31.2,32.0,31.2,31.55,31.8,28.0,33.0,26,164300,5184990.0,0.0,0,9999-12-31,1,0.0,BRTEFCBDR014,100
2000-12-22,96,TEFC11F,20,TELEFONICA,BDR,0,R$,30.3,33.0,30.3,31.08,33.0,31.2,33.0,8,158,4911.03,0.0,0,9999-12-31,1,0.0,BRTEFCBDR014,100
2000-12-22,62,TEFC11T,30,TEFC,BDR,90,R$,32.92,32.93,32.92,32.92,32.93,0.0,0.0,2,700,23050.23,0.0,0,9999-12-31,1,0.0,BRTEFCBDR014,100
2000-12-26,14,TEFC11,10,TELEFONICA,BDR,0,R$,31.1,31.78,31.1,31.48,31.78,29.01,33.45,8,6300,198357.0,0.0,0,9999-12-31,1,0.0,BRTEFCBDR014,100
2000-12-26,96,TEFC11F,20,TELEFONICA,BDR,0,R$,31.0,31.8,31.0,31.04,31.8,31.4,31.8,5,109,3384.2,0.0,0,9999-12-31,1,0.0,BRTEFCBDR014,100
2000-12-27,14,TEFC11,10,TELEFONICA,BDR,0,R$,32.0,32.1,31.0,31.94,31.85,31.8,32.1,40,120500,3849065.0,0.0,0,9999-12-31,1,0.0,BRTEFCBDR014,100
2000-12-27,96,TEFC11F,20,TELEFONICA,BDR,0,R$,31.8,32.0,30.41,31.4,31.5,30.5,31.99,10,312,9799.28,0.0,0,9999-12-31,1,0.0,BRTEFCBDR014,100
2000-12-28,14,TEFC11,10,TELEFONICA,BDR,0,R$,31.85,31.85,31.5,31.69,31.75,30.1,32.99,6,17200,545085.0,0.0,0,9999-12-31,1,0.0,BRTEFCBDR014,100
2000-12-28,96,TEFC11F,20,TELEFONICA,BDR,0,R$,31.2,31.2,31.2,31.2,31.2,30.41,31.69,2,86,2683.2,0.0,0,9999-12-31,1,0.0,BRTEFCBDR014,100
